entity,termdt,multno,ent due,ent ovp,conf dt,hold ct,last seiz,seiz stat,seiz dt,nix dt,ticket,iss dt,badge,viol,fine,location,iss time,meter,lat,long,clean up,clean address
3326243,0,0,$0.00,$0.00,2017102,0,0,,0,0,5562033101,2013232,6,29,$25.00,15TH AVE E,839,UE355,39.999817,-83.00436,meter,
3329792,0,0,$0.00,$0.00,2016069,0,0,,0,0,5562104232,2013243,7,29,$25.00,LUDLOW ST S,810,SH308,39.958065,-83.0025,meter,
3276598,0,0,$450.00,$0.00,2017256,5,0,,0,0,5561630796,2013128,5,29,$25.00,HUBBARD AVE E,2140,K265,39.979115,-83.002304,meter,
3286524,0,0,$115.00,$0.00,2018038,0,0,,0,0,5561376302,2013053,19,72,$45.00,NORWICH AVE E,1827,UE585,40.00724,-83.009125,meter,
2995632,0,0,$0.00,$0.00,2015063,0,2017175,,2017175,0,5561561231,2013096,19,13,$50.00,PARK ST,2025,NI655,39.97276,-83.00467,meter,
3163235,0,0,$0.00,$0.00,2017256,0,0,,0,0,5561793104,2013162,7,29,$25.00,PEARL ST N,1344,NL212,39.965603,-83.00033,meter,
3356138,0,0,$60.00,$0.00,2014008,0,0,,0,0,5562466821,2013352,9,29,$25.00,FULTON ST W,1501,WA63,39.95325,-83.00038,meter,
3296216,0,0,$0.00,$0.00,2017256,0,0,,0,0,5562094045,2013263,8,29,$25.00,YOUNG ST N,1422,NP1,39.96308,-82.995476,meter,
3314087,0,0,$0.00,$0.00,2017137,0,0,,0,0,5561750695,2013176,2,29,$25.00,SIXTH ST S,953,SS61,39.961906,-82.99252,meter,
3183796,0,0,$230.00,$0.00,2017242,3,2012331,,2012332,0,5561996163,2013207,10,29,$25.00,THIRTEENTH AVE E,1349,UE201,39.997784,-83.00731,meter,
3351974,0,0,$0.00,$0.00,2017249,0,0,,0,0,5562434691,2013311,19,29,$25.00,HIGH ST N,2112,K769,39.981976,-83.00462,meter,
3114913,0,0,$0.00,$0.00,2017235,0,0,,0,0,5562187451,2013260,19,29,$25.00,BUTTLES LOT,1547,V13,39.976593,-83.004005,meter,
3183796,0,0,$230.00,$0.00,2017242,3,2012331,,2012332,0,5562260881,2013269,19,29,$25.00,12TH AVE E,1815,UE171,39.99672,-83.00636,meter,
3163235,0,0,$0.00,$0.00,2017256,0,0,,0,0,5562048151,2013228,7,29,$25.00,PARK ST,1502,NI604,39.971928,-83.00454,meter,
3299643,0,0,$400.00,$0.00,2017207,4,0,,0,0,5561573831,2013122,2,29,$25.00,GRANT AVE N,1116,NT615,39.97104,-82.99199,meter,
3103842,0,0,$130.00,$0.00,2017319,1,0,,0,0,5562320985,2013288,19,72,$45.00,PARK ST,1825,NI654,39.97266,-83.00448,meter,
3320818,0,0,$65.00,$0.00,2015042,1,0,,0,0,5561938133,2013210,16,29,$25.00,GAY ST E,1342,EP37,39.963703,-82.99947,meter,
3207670,0,0,$0.00,$0.00,2013219,0,2012109,,2012110,0,5561867503,2013197,16,72,$45.00,STATE ST E,1248,EK304,39.961006,-82.993385,meter,
3194097,0,0,$0.00,$0.00,2017221,0,0,,0,0,5562601604,2013354,19,29,$25.00,ELEVENTH AVE W,1557,UW97,39.995235,-83.00752,meter,
3163235,0,0,$0.00,$0.00,2017256,0,0,,0,0,5561615610,2013137,8,29,$25.00,MOUND ST E,1011,EC117,39.955124,-82.99571,meter,
3650211,0,0,$0.00,$0.00,2017249,0,0,,0,0,5562074670,2013229,19,29,$25.00,GOODALE ST W,2152,K38,39.973736,-83.00629,meter,
3271397,0,0,$0.00,$0.00,2017242,0,2016196,,2016196,0,5562256703,2013276,18,29,$25.00,CIVIC CENTER DR,1554,SG121,39.95664,-83.00324,meter,
3279922,0,0,$0.00,$0.00,0,0,0,,0,0,5561105542,2013024,16,29,$25.00,LIVINGSTON AVE E,901,B29,39.952576,-82.99828,meter,
2981050,0,0,$0.00,$0.00,0,0,0,,0,0,5561186834,2013012,13,29,$25.00,GREENWOOD LOT,2049,F32,39.986282,-83.00556,meter,
3276171,0,0,$0.00,$0.00,2018108,0,0,,0,0,5561166954,2013008,20,29,$25.00,PARK ST,1940,K415,39.976795,-83.005165,meter,
3351296,0,0,$0.00,$0.00,2017235,0,0,,0,0,5562494423,2013327,20,29,$25.00,HIGH ST N,2045,K756,39.983585,-83.00472,meter,
3296216,0,0,$0.00,$0.00,2017256,0,0,,0,0,5562332421,2013309,12,29,$25.00,YOUNG ST N,1227,NP9,39.96333,-82.99552,meter,
3276598,0,0,$450.00,$0.00,2017256,5,0,,0,0,5561131560,2013010,17,29,$25.00,KERR ST,1952,K287,39.978996,-83.00192,meter,
3114913,0,0,$0.00,$0.00,2017235,0,0,,0,0,5562023975,2013248,9,29,$25.00,BUTTLES LOT,1330,V13,39.976593,-83.004005,meter,
3299643,0,0,$400.00,$0.00,2017207,4,0,,0,0,5561474431,2013108,16,29,$25.00,GRANT AVE N,1319,NT607,39.97073,-82.99202,meter,
3271397,0,0,$0.00,$0.00,2017242,0,2016196,,2016196,0,5561115574,2013023,9,29,$25.00,WALNUT ST,1306,WH5,39.95804,-83.000435,meter,
3317035,0,0,$165.00,$0.00,2017214,1,0,,0,0,5561916256,2013190,7,72,$45.00,FULTON ST E,1321,EA24,39.95378,-82.99689,meter,
3306518,0,0,$45.00,$0.00,2018066,0,2017326,,2017326,0,5561646465,2013138,14,29,$25.00,GAY ST E,958,EP103,39.963886,-82.99792,meter,
3206026,0,0,$0.00,$0.00,2017249,0,0,,0,0,5562259175,2013281,18,29,$25.00,FRONT ST S,2138,B563,39.95067,-83.000305,meter,
3317035,0,0,$165.00,$0.00,2017214,1,0,,0,0,5562591336,2013360,18,72,$45.00,MT CARMEL MALL,1544,M510,39.95836,-83.02219,meter,
3354263,0,0,$0.00,$0.00,0,0,2017235,,2017235,0,5562523893,2013344,18,29,$25.00,HOSTER ST W,2131,B180,39.950993,-82.999596,meter,
3645624,0,0,$0.00,$0.00,2017228,0,0,,0,0,5562006420,2013221,18,29,$25.00,GAY ST E,2116,EP201,39.961178,-82.998795,meter,
3328741,0,0,$0.00,$0.00,2014085,0,2017251,,2017251,0,5562071726,2013259,16,29,$25.00,HIGH ST N,1030,K547,39.975925,-83.00341,meter,
3320818,0,0,$65.00,$0.00,2015042,1,0,,0,0,5562369985,2013323,9,29,$25.00,PEARL ST S,1138,SL562,39.955116,-82.99831,meter,
3218331,0,0,$0.00,$0.00,2016083,0,0,,0,0,5561649114,2013133,6,29,$25.00,FOURTEENTH AVE E,1028,UE255,39.998825,-83.00745,meter,
3322438,0,0,$0.00,$0.00,2016034,0,0,,0,0,5561971335,2013217,15,29,$25.00,STATE ST W,1429,WK58,39.96004,-83.00176,meter,
3097892,0,0,$210.00,$0.00,2017270,3,0,,0,0,5562466600,2013352,9,29,$25.00,FRONT ST S,1104,SI553,39.955074,-83.00117,meter,
3097892,0,0,$210.00,$0.00,2017270,3,0,,0,0,5561962154,2013217,9,29,$25.00,FRONT ST S,1130,SI503,39.955696,-83.0013,meter,
3131414,0,0,$135.00,$0.00,2017249,0,0,,0,0,5561222184,2013058,12,29,$25.00,MT CARMEL MALL,1129,M506,39.958378,-83.022026,meter,
3155706,0,0,$0.00,$0.00,2013345,0,0,,0,0,5595287603,2013305,1399,13,$50.00,IFO 533 PARK ST,123,NI663,39.97308,-83.004654,meter,
3340589,0,0,$0.00,$0.00,0,0,0,,0,0,5562428074,2013312,18,29,$25.00,GAY ST E,2011,EP3,39.963585,-83.00049,meter,
3314358,0,0,$315.00,$0.00,2017277,4,0,,0,0,5562463052,2013361,14,14,$50.00,BROAD ST W,1507,WN9,39.96205,-83.00119,meter,
3645622,0,0,$0.00,$0.00,2017228,0,0,,0,0,5562157012,2013263,16,49,$500.00,FULTON ST W,1111,WA5,39.953346,-82.999306,meter,
2477708,0,0,$0.00,$0.00,2005195,0,0,,0,0,5561661471,2013126,17,29,$25.00,HIGH ST N,2136,K494,39.97447,-83.00291,meter,
3345326,0,0,$0.00,$0.00,0,0,0,,0,0,5562383473,2013304,20,13,$50.00,PARK ST,2013,NI657,39.97282,-83.00467,meter,
3289534,0,0,$0.00,$0.00,2016293,0,0,,0,0,5561285350,2013065,9,29,$25.00,FULTON ST W,1136,WA17,39.953323,-82.99952,meter,
3325242,0,0,$310.00,$0.00,2017263,2,0,,0,0,5562043575,2013228,17,72,$45.00,GOODALE ST W,2035,K6,39.97368,-83.005035,meter,
3308686,0,0,$65.00,$0.00,2017354,1,0,,0,2017353,5561754022,2013150,17,29,$25.00,SPRUCE ST W,2135,WBB103,39.972412,-83.004845,meter,
3306001,0,0,$220.00,$0.00,2014189,0,0,,0,0,5562509425,2013333,10,72,$45.00,TENTH AVE W,1214,UW50,39.994137,-83.0072,meter,
3314358,0,0,$315.00,$0.00,2017277,4,0,,0,0,5562069372,2013248,16,72,$45.00,BROAD ST W,1108,WN7,39.96206,-83.00111,meter,
3349514,0,0,$0.00,$0.00,2017263,0,0,,0,0,5595227436,2013313,5284,13,$50.00,487 PARK ST,2346,NI611,39.9719,-83.004745,meter,
2788194,0,0,$85.00,$0.00,2017165,1,0,,0,0,5562124613,2013248,17,29,$25.00,FULTON ST E,1541,EA18,39.95373,-82.99726,meter,
3254335,0,0,$423.00,$0.00,2017006,0,0,,0,0,5561262843,2013037,10,29,$25.00,THIRTEENTH AVE E,829,UE248,39.997845,-83.006065,meter,
3253492,0,0,$0.00,$0.00,2017270,0,0,,0,0,5561363481,2013047,19,72,$45.00,PARK ST,2013,K326,39.974743,-83.00463,meter,
2750317,0,0,$55.00,$0.00,2017277,0,0,,0,0,5561936965,2013204,16,29,$25.00,BROAD ST E,832,EN64,39.96261,-82.998314,meter,
3304770,0,0,$0.00,$0.00,2013288,0,0,,0,2013176,5561834861,2013177,5,29,$25.00,GAY ST E,2016,EP11,39.963623,-83.000175,meter,
3306001,0,0,$220.00,$0.00,2014189,0,0,,0,0,5562541290,2013343,19,72,$45.00,TENTH AVE W,1631,UW52,39.994137,-83.00729,meter,
3317531,0,0,$0.00,$0.00,0,0,0,,0,0,5561930761,2013192,17,72,$45.00,HIGH ST N,2130,K631,39.97827,-83.00389,meter,
3347156,0,0,$0.00,$0.00,0,0,0,,0,0,5562368040,2013311,9,29,$25.00,GAY ST E,1349,EP10,39.963745,-83.00037,meter,
3306001,0,0,$220.00,$0.00,2014189,0,0,,0,0,5561650120,2013136,6,29,$25.00,HIGH ST N,1151,UW611,39.99495,-83.007195,meter,
3097892,0,0,$210.00,$0.00,2017270,3,0,,0,0,5562396106,2013317,8,29,$25.00,FRONT ST S,1223,SI503,39.955696,-83.0013,meter,
3351224,0,0,$0.00,$0.00,2016188,0,0,,0,0,5562231050,2013326,19,72,$45.00,POPLAR AVE W,2154,K167,39.97437,-83.004326,meter,
3308278,0,0,$0.00,$0.00,2017270,0,0,,0,0,5561671691,2013148,15,29,$25.00,GAY ST E,1113,EP41,39.96371,-82.99938,meter,
3130251,0,0,$0.00,$0.00,2013205,0,2017261,,2017261,2012082,5561646115,2013137,14,29,$25.00,STATE ST E,1247,EK109,39.96045,-82.99695,meter,
3308349,0,0,$0.00,$0.00,2017263,0,0,,0,0,5562231282,2013329,19,29,$25.00,16TH AVE E,1741,UE377,40.000774,-83.007744,meter,
3335358,0,0,$0.00,$0.00,2017270,0,0,,0,0,5562197240,2013264,18,29,$25.00,NATIONWIDE BL W,2112,WX155,39.968433,-83.005974,meter,
3340589,0,0,$0.00,$0.00,0,0,0,,0,0,5562275242,2013285,7,29,$25.00,TOWN ST W,1328,WI105,39.95849,-83.00211,meter,
3308349,0,0,$0.00,$0.00,2017263,0,0,,0,0,5561753381,2013149,17,29,$25.00,EIGHTEENTH AVE E,1908,UE461,40.00309,-83.0081,meter,
3186483,0,0,$150.00,$0.00,2015098,2,0,,0,0,5561851112,2013172,17,29,$25.00,SPRUCE ST W,1716,WBB71,39.972256,-83.004135,meter,
3334327,0,0,$0.00,$0.00,2017249,0,2017263,,2017263,2013288,5562090361,2013261,9,29,$25.00,MOUND ST E,1024,EC28,39.955006,-82.99814,meter,
3095289,0,0,$60.00,$0.00,2017017,0,2012223,,2012224,0,5561120990,2013007,15,29,$25.00,BROAD ST E,813,EN24,39.962536,-82.99891,meter,
3292209,0,0,$240.00,$0.00,2014043,0,0,,0,0,5561327836,2013082,14,29,$25.00,GAY ST E,854,EP32,39.963825,-82.99964,meter,
3351224,0,0,$0.00,$0.00,2016188,0,0,,0,0,5562475696,2013327,13,72,$45.00,PARK ST,2137,K335,39.97498,-83.00481,meter,
3331608,0,0,$0.00,$0.00,2017305,0,0,,0,0,5562144891,2013250,10,29,$25.00,17TH AVE E,1157,UE404,40.002014,-83.00723,meter,
3336577,0,0,$0.00,$0.00,2017109,0,2017214,,2017214,0,5562154260,2013269,15,29,$25.00,TOWN ST E,826,EI541,39.960182,-82.98739,meter,
3354838,0,100000001,$0.00,$0.00,2014202,0,2014192,,2014193,0,5562548721,2013346,18,14,$50.00,MOUND ST W,1649,WC109,39.95448,-83.001465,meter,
3336858,0,0,$0.00,$0.00,2013289,0,0,,0,0,5562262583,2013270,19,29,$25.00,1ST AVE W,2123,K736,39.98015,-83.0047,meter,
3346756,0,0,$0.00,$0.00,2017277,0,0,,0,0,5562433501,2013310,19,29,$25.00,RUSSELL ST W,2035,K214,39.975494,-83.00407,meter,
3268140,0,0,$0.00,$0.00,2017088,0,0,,0,0,5561585672,2013114,7,72,$45.00,NATIONWIDE BLVD E,1008,EX32,39.96924,-82.999374,meter,
3205540,0,0,$0.00,$0.00,2017186,0,2017257,,2017257,0,5561789560,2013169,6,29,$25.00,HIGH ST N,1456,UE628,39.995342,-83.00701,meter,
3155706,0,0,$0.00,$0.00,2013345,0,0,,0,0,5562430550,2013320,18,29,$25.00,11TH AVE W,1826,UW104,39.99534,-83.00776,meter,
3317790,0,0,$0.00,$0.00,2017326,0,2018056,,2018056,0,5561866921,2013193,16,72,$45.00,HIGH ST N,1331,K629,39.97823,-83.003876,meter,
3319293,0,0,$0.00,$0.00,2017263,0,0,,0,0,5561973483,2013201,10,29,$25.00,15TH AVE E,1012,UE307,39.99994,-83.006874,meter,
3307285,0,0,$0.00,$0.00,2017207,0,0,,0,0,5561964486,2013219,2,29,$25.00,POPLAR AVE W,1131,K156,39.97449,-83.00404,meter,
2788194,0,0,$85.00,$0.00,2017165,1,0,,0,0,5562046250,2013248,12,72,$45.00,FULTON ST E,1311,EA18,39.95373,-82.99726,meter,
3218448,0,0,$0.00,$0.00,2017256,0,0,,0,0,5561612622,2013126,8,29,$25.00,MOUND ST E,1422,EC30,39.955017,-82.99805,meter,
3311075,0,0,$0.00,$0.00,2017291,0,2017109,,2017109,0,5561715382,2013162,8,29,$25.00,HIGH ST N,1224,K935,39.986416,-83.0055,meter,
2295416,0,0,$80.00,$0.00,2014289,0,0,,0,0,5561106861,2013031,16,29,$25.00,PARK ST,1303,K376,39.97561,-83.00473,meter,
3205540,0,0,$0.00,$0.00,2017186,0,2017257,,2017257,0,5561387325,2013081,6,29,$25.00,HIGH ST N,1052,UE630,39.995396,-83.00702,meter,
3292209,0,0,$240.00,$0.00,2014043,0,0,,0,0,5561327140,2013079,14,29,$25.00,NATIONWIDE BLVD E,842,EX28,39.969254,-82.999535,meter,
3292209,0,0,$240.00,$0.00,2014043,0,0,,0,0,5562530333,2013351,7,29,$25.00,3RD ST S,856,SM208,39.959988,-82.99738,meter,
3320818,0,0,$65.00,$0.00,2015042,1,0,,0,0,5562358041,2013324,2,29,$25.00,PEARL ST S,1055,SL554,39.95536,-82.99835,meter,
3291236,0,0,$80.00,$0.00,2013093,0,0,,0,0,5561325946,2013072,14,72,$45.00,FULTON ST W,1212,WA25,39.95331,-82.999664,meter,
3227249,0,0,$0.00,$0.00,2017277,0,0,,0,0,5562305412,2013303,8,29,$25.00,MOUND ST E,1049,EC54,39.955116,-82.99718,meter,
3168956,0,0,$85.00,$0.00,2015161,2,2012160,,2012161,0,5562208031,2013274,8,29,$25.00,WALL ST N,1421,NJ110,39.96403,-83.00186,meter,
3210727,0,0,$65.00,$0.00,2015238,1,0,,0,0,5561571171,2013109,17,72,$45.00,PARK ST,2027,NI655,39.97276,-83.00467,meter,
3337641,0,0,$15.00,$0.00,2013289,0,0,,0,0,5562158950,2013273,16,29,$25.00,SIXTH ST S,1321,SS7,39.96264,-82.99265,meter,
3252650,0,0,$90.00,$0.00,2018066,0,0,,0,0,5561173895,2013017,17,29,$25.00,WALL ST N,1946,NJ252,39.965965,-83.002235,meter,
3287499,0,0,$0.00,$0.00,2013079,0,2017248,,2017250,0,5561359686,2013058,20,29,$25.00,GAY ST E,1715,EP9,39.96361,-83.00026,meter,
3314358,0,0,$315.00,$0.00,2017277,4,0,,0,0,5561877771,2013196,8,29,$25.00,FULTON ST E,1209,EA37,39.9536,-82.99728,meter,
3325242,0,0,$310.00,$0.00,2017263,2,0,,0,0,5562043564,2013228,17,29,$25.00,GOODALE ST W,2034,K6,39.97368,-83.005035,meter,
3210727,0,0,$65.00,$0.00,2015238,1,0,,0,0,5561571160,2013109,17,13,$50.00,PARK ST,2025,NI655,39.97276,-83.00467,meter,
3332156,0,0,$150.00,$0.00,2017296,0,0,,0,0,5562110845,2013253,6,29,$25.00,NEIL AVE,1047,UW972,39.995243,-83.01453,meter,
2560845,0,0,$660.00,$0.00,2017284,1,0,,0,0,5561528283,2013109,14,29,$25.00,FRONT ST N,805,NI254,39.965714,-83.003006,meter,
3353185,0,0,$0.00,$0.00,2014099,0,0,,0,0,5562524954,2013338,20,26,$40.00,PARK ST,2152,K432,39.97677,-83.00495,meter,
3306001,0,0,$220.00,$0.00,2014189,0,0,,0,0,5561651391,2013141,6,29,$25.00,HIGH ST N,1250,UW615,39.995075,-83.00722,meter,
3283936,0,0,$0.00,$0.00,2017270,0,0,,0,0,5561572195,2013116,2,29,$25.00,GAY ST E,850,EP6,39.96373,-83.000534,meter,
3114156,0,0,$0.00,$0.00,2012298,0,0,,0,0,5561434354,2013099,14,29,$25.00,OAK ST E,1056,EL211,39.961437,-82.99528,meter,
3347207,0,0,$0.00,$0.00,0,0,2017259,,2017259,0,5562410423,2013312,20,29,$25.00,11TH AVE W,1824,UW133,39.9953,-83.0092,meter,
3205540,0,0,$0.00,$0.00,2017186,0,2017257,,2017257,0,5561788985,2013168,6,29,$25.00,HIGH ST N,917,UE620,39.995087,-83.00696,meter,
3347156,0,0,$0.00,$0.00,0,0,0,,0,0,5562438386,2013346,12,29,$25.00,GAY ST E,1220,EP11,39.963623,-83.000175,meter,
3292209,0,0,$240.00,$0.00,2014043,0,0,,0,0,5561375193,2013077,15,29,$25.00,3RD ST S,829,SM202,39.960175,-82.99741,meter,
3033066,0,0,$200.00,$0.00,2018064,2,0,,0,2018061,5562196120,2013262,18,13,$50.00,SWAN ST W,2240,WCC53,39.972797,-83.004074,meter,
3165960,0,0,$0.00,$0.00,2017298,0,0,,0,0,5561413170,2013061,19,29,$25.00,HIGH ST N,2107,K754,39.98354,-83.004715,meter,
3117462,0,0,$0.00,$0.00,0,0,0,,0,0,5562044404,2013239,12,29,$25.00,MARCONI BLVD,804,NG370,39.967796,-83.0052,meter,
2910556,0,0,$160.00,$0.00,2013149,0,0,,0,0,5561575032,2013128,2,72,$45.00,FULTON ST W,929,WA13,39.95333,-82.99946,meter,
3344191,0,0,$65.00,$0.00,2017263,1,0,,0,0,5562315842,2013299,7,29,$25.00,TOWN ST E,1036,EI537,39.960167,-82.98754,meter,
3340889,0,0,$0.00,$0.00,2017228,0,2017284,,2017284,2014261,5562320860,2013288,19,29,$25.00,HIGH ST N,1701,K946,39.98684,-83.00533,meter,
3293985,0,0,$0.00,$0.00,2017270,0,0,,0,0,5561550764,2013095,19,72,$45.00,GAY ST E,1526,EP44,39.96388,-82.99917,meter,
3327684,0,0,$0.00,$0.00,2017256,0,0,,0,0,5561824733,2013236,19,72,$45.00,GOODALE ST W,2154,K119,39.973633,-83.00707,meter,
3287846,0,0,$0.00,$0.00,2015014,0,2014023,,2014024,0,5561365172,2013059,7,29,$25.00,STATE ST E,1207,EK261,39.960884,-82.99322,meter,
3131269,0,0,$60.00,$0.00,2014001,0,0,,0,0,5562577406,2013346,19,29,$25.00,HIGH ST N,2152,K574,39.9765,-83.003296,meter,
3278469,0,0,$0.00,$0.00,0,0,2017193,,2017193,0,5561244971,2013017,19,72,$45.00,RUSSELL ST W,2111,K220,39.975468,-83.00428,meter,
3167190,0,0,$20.00,$0.00,2013156,1,0,,0,0,5561390092,2013063,20,72,$45.00,HIGH ST N,2110,K518,39.975464,-83.003105,meter,
3287846,0,0,$0.00,$0.00,2015014,0,2014023,,2014024,0,5561472876,2013100,16,29,$25.00,CIVIC CENTER DR,1008,SG127,39.956364,-83.003136,meter,
2739835,0,0,$0.00,$0.00,0,0,2007108,,2007109,0,5562373710,2013305,7,72,$45.00,FULTON ST E,1029,EA25,39.95354,-82.99774,meter,
3328741,0,0,$0.00,$0.00,2014085,0,2017251,,2017251,0,5562113866,2013240,17,29,$25.00,PARK ST,1821,NI603,39.97168,-83.00476,meter,
3065004,0,0,$170.00,$0.00,2017263,1,0,,0,0,5562244081,2013268,14,72,$45.00,FULTON ST E,929,EA9,39.953465,-82.99837,meter,
3332156,0,0,$150.00,$0.00,2017296,0,0,,0,0,5562170242,2013305,13,29,$25.00,SPRUCE ST W,2108,WBB51,39.972237,-83.00362,meter,
3175676,0,0,$0.00,$0.00,2013359,0,0,,0,0,5562519671,2013338,19,72,$45.00,PARK ST,2036,K332,39.97502,-83.00464,meter,
3095414,0,0,$0.00,$0.00,2017263,0,0,,0,0,5562117856,2013249,19,29,$25.00,HIGH ST N,2127,K631,39.97827,-83.00389,meter,
3282104,0,0,$0.00,$0.00,0,0,2013102,,2013104,0,5561296583,2013033,19,13,$50.00,HIGH ST N,1811,K603,39.977406,-83.00369,meter,
3236432,0,0,$150.00,$0.00,2016258,0,0,,0,0,5562573490,2013351,13,29,$25.00,PARK ST,1920,NI667,39.97322,-83.00465,meter,
3321096,0,0,$0.00,$0.00,2016069,0,2017290,,2017290,0,5561995113,2013211,17,29,$25.00,WARREN ST,1918,K193,39.97791,-83.00334,meter,
3306014,0,0,$60.00,$0.00,2013156,0,0,,0,0,5561689600,2013136,7,29,$25.00,RICH ST E,1341,EG544,39.95886,-82.98822,meter,
3332156,0,0,$150.00,$0.00,2017296,0,0,,0,0,5562110930,2013253,6,29,$25.00,NEIL AVE,1230,UW964,39.995,-83.01448,meter,
3586405,0,0,$0.00,$0.00,2017298,0,0,,0,0,5561773283,2013170,8,29,$25.00,LIVINGSTON AVE E,1149,B29,39.952576,-82.99828,meter,
3324919,0,0,$170.00,$0.00,2018088,2,0,,0,2018087,5562019602,2013227,7,29,$25.00,BROAD ST E,1149,EN62,39.9626,-82.99838,meter,
3314358,0,0,$315.00,$0.00,2017277,4,0,,0,0,5561885390,2013177,19,29,$25.00,SPRUCE ST W,1748,WBB56,39.972355,-83.00373,meter,
3243377,0,0,$0.00,$0.00,2018038,0,0,,0,0,5561234574,2013043,6,29,$25.00,HIGH ST N,1231,UE618,39.99503,-83.00694,meter,
3309343,0,0,$145.00,$0.00,2017011,1,0,,0,0,5561713562,2013154,8,29,$25.00,CHESTNUT ST,1141,EV140,39.96806,-82.99847,meter,
3276459,0,0,$0.00,$0.00,2017256,0,0,,0,0,5561167256,2013009,20,29,$25.00,HIGH ST N,1654,K836,39.985554,-83.00508,meter,
3222771,0,0,$0.00,$0.00,2016279,0,2017302,,2017302,0,5561301925,2013051,5,29,$25.00,WALL ST N,2051,NJ106,39.96383,-83.00182,meter,
3310916,0,0,$0.00,$0.00,2017284,0,0,,0,0,5561739521,2013161,16,29,$25.00,TOWN ST E,854,EI327,39.95959,-82.99238,meter,
3342528,0,0,$0.00,$0.00,2017305,0,0,,0,0,5562201856,2013294,19,29,$25.00,HIGH ST N,2121,K716,39.9823,-83.00443,meter,
2804009,0,0,$0.00,$0.00,2017284,0,2017308,,2017308,2014149,5562609680,2013362,20,72,$45.00,HIGH ST N,1629,K946,39.98684,-83.00533,meter,
3283583,0,0,$90.00,$0.00,2017284,1,0,,0,2018061,5561403171,2013079,7,72,$45.00,BREWERS ST E,1155,B59,39.952316,-82.99813,meter,
3320964,0,0,$0.00,$0.00,2013226,0,0,,0,0,5561846470,2013210,2,29,$25.00,HIGH ST S,927,B606,39.95199,-82.99854,meter,
3271847,0,0,$0.00,$0.00,2017298,0,0,,0,0,5561331900,2013044,19,29,$25.00,HIGH ST N,1745,K619,39.977894,-83.00379,meter,
3385832,0,0,$0.00,$0.00,2017361,0,0,,0,0,5560914906,2013085,19,29,$25.00,LINCOLN ST E,1551,K120,39.97693,-83.00323,meter,
2764151,0,0,$0.00,$0.00,0,0,0,,0,0,5561649501,2013134,6,29,$25.00,NEIL AVE,1051,UW970,39.995193,-83.01452,meter,
3271847,0,0,$0.00,$0.00,2017298,0,0,,0,0,5561691556,2013144,7,29,$25.00,RUSSELL ST E,811,K175,39.97559,-83.00269,meter,
3340706,0,0,$65.00,$0.00,2017270,1,0,,0,0,5562294584,2013285,20,29,$25.00,GOODALE ST W,1855,K105,39.97362,-83.00678,meter,
3283583,0,0,$90.00,$0.00,2017284,1,0,,0,2018061,5561570165,2013108,17,72,$45.00,HUBBARD AVE E,1811,K255,39.979073,-83.00269,meter,
3334072,0,0,$350.00,$0.00,2017305,5,0,,0,2014231,5562152020,2013260,15,29,$25.00,MAIN ST W,1117,WE59,39.955917,-83.00076,meter,
3157290,0,0,$210.00,$0.00,2017292,3,2015117,,2015118,0,5562421284,2013318,7,29,$25.00,FULTON ST W,1121,WA17,39.953323,-82.99952,meter,
3341855,0,0,$200.00,$0.00,2013361,0,0,,0,2013323,5562488333,2013339,5,72,$45.00,KERR ST,2034,K281,39.97877,-83.00187,meter,
3335762,0,0,$0.00,$0.00,2017312,0,0,,0,0,5561034492,2013267,19,29,$25.00,NEIL AVE,1545,UW901,39.993484,-83.01438,meter,
3020909,0,0,$15.00,$0.00,2017312,0,0,,0,0,5561955036,2013221,8,29,$25.00,FULTON ST W,1431,WA15,39.953327,-82.99949,meter,
3319745,0,0,$280.00,$0.00,2014079,0,0,,0,0,5562119470,2013253,19,72,$45.00,HIGH ST N,1555,NK54,39.963074,-83.00069,meter,
3311075,0,0,$0.00,$0.00,2017291,0,2017109,,2017109,0,5562124425,2013247,17,29,$25.00,YOUNG ST N,2055,NP63,39.96398,-82.99564,meter,
3045419,0,0,$230.00,$0.00,2018073,2,0,,0,0,5561375720,2013078,15,29,$25.00,W LIVINGSTON,1322,B5,39.952553,-82.99923,meter,
3334379,0,0,$0.00,$0.00,0,0,0,,0,0,5562135113,2013261,18,72,$45.00,GOODALE ST W,1805,K25,39.97356,-83.00536,meter,
3308884,0,0,$0.00,$0.00,0,0,0,,0,0,5561725893,2013151,6,29,$25.00,THIRTEENTH AVE E,1247,UE228,39.997917,-83.00691,meter,
3322882,0,0,$60.00,$0.00,2015063,0,0,,0,2014359,5561943092,2013219,19,29,$25.00,PARK ST,2154,NI608,39.97206,-83.00452,meter,
3300787,0,0,$0.00,$0.00,0,0,0,,0,0,5561475315,2013113,16,29,$25.00,6TH ST S,1414,SS109,39.96136,-82.99241,meter,
3307530,0,0,$0.00,$0.00,2013163,0,0,,0,0,5561764673,2013143,19,14,$50.00,NATIONWIDE BL W,1612,WX123,39.96852,-83.00523,meter,
3331927,0,0,$0.00,$0.00,0,0,2013253,,2013254,0,5562468674,2013318,19,29,$25.00,EIGHTEENTH AVE E,2050,UE465,40.00309,-83.00803,meter,
3184059,0,0,$330.00,$0.00,2016055,2,0,,0,0,5561275981,2013039,20,72,$45.00,HIGH ST N,1840,K755,39.981274,-83.004486,meter,
3341855,0,0,$200.00,$0.00,2013361,0,0,,0,2013323,5562477262,2013326,18,29,$25.00,FRONT ST S,1659,B521,39.9514,-83.00045,meter,
3319745,0,0,$280.00,$0.00,2014079,0,0,,0,0,5561845453,2013204,2,29,$25.00,LONG ST E,1439,ER10,39.965096,-83.00055,meter,
3274304,0,0,$85.00,$0.00,2018085,1,0,,0,2018083,5561159652,2013030,6,72,$45.00,ELEVENTH AVE W,1056,UW226,39.995537,-83.01273,meter,
3271847,0,0,$0.00,$0.00,2017298,0,0,,0,0,5561910144,2013206,14,29,$25.00,GAY ST E,1449,EP11,39.963623,-83.000175,meter,
3342017,0,0,$600.00,$0.00,2015084,1,0,,0,2015071,5562300066,2013291,15,29,$25.00,FULTON ST E,941,EA14,39.953712,-82.9974,meter,
3353185,0,0,$0.00,$0.00,2014099,0,0,,0,0,5562576382,2013346,19,72,$45.00,HUBBARD AVE E,1628,K257,39.97908,-83.00261,meter,
3329410,0,0,$0.00,$0.00,2017172,0,0,,0,0,5562085671,2013242,18,14,$50.00,FULTON ST E,1617,EA33,39.953575,-82.99744,meter,
3341855,0,0,$200.00,$0.00,2013361,0,0,,0,2013323,5562311255,2013291,18,29,$25.00,FRONT ST S,1755,B513,39.952168,-83.000595,meter,
3167190,0,0,$20.00,$0.00,2013156,1,0,,0,0,5561711112,2013140,17,29,$25.00,HIGH ST N,2142,K696,39.980087,-83.00401,meter,
2237827,0,0,$0.00,$0.00,2017123,0,0,,0,0,5562582472,2013362,7,29,$25.00,TOWN ST E,1455,EI502,39.960087,-82.98955,meter,
3347999,0,0,$85.00,$0.00,2017298,1,2017032,,2017032,0,5562431600,2013323,18,29,$25.00,FRONT ST S,2132,B510,39.95219,-83.00042,meter,
3292701,0,0,$165.00,$0.00,2015252,0,0,,0,2015225,5561672586,2013130,16,72,$45.00,FULTON ST E,1050,EA8,39.953625,-82.99823,meter,
3203194,0,0,$0.00,$0.00,0,0,0,,0,0,5562467274,2013354,9,72,$45.00,MARCONI BLVD,1358,NG4,39.962776,-83.00423,meter,
3289540,0,0,$65.00,$0.00,2018015,1,0,,0,2018012,5561537523,2013142,9,72,$45.00,BREWERS ST E,1134,B59,39.952316,-82.99813,meter,
2562902,0,0,$0.00,$0.00,2017291,0,2017176,,2017176,2016005,5562138661,2013275,12,29,$25.00,MCCOY ST,1032,EZ520,39.9714,-82.9909,meter,
3005191,0,0,$160.00,$0.00,2013289,0,0,,0,2012143,5562245046,2013271,14,72,$45.00,NATIONWIDE BLVD E,1444,EX26,39.969257,-82.9996,meter,
3167190,0,0,$20.00,$0.00,2013156,1,0,,0,0,5561390081,2013063,20,29,$25.00,HIGH ST N,2109,K518,39.975464,-83.003105,meter,
2237827,0,0,$0.00,$0.00,2017123,0,0,,0,0,5562582483,2013362,7,72,$45.00,TOWN ST E,1455,EI502,39.960087,-82.98955,meter,
3299394,0,0,$65.00,$0.00,2018080,0,0,,0,0,5561546096,2013107,20,29,$25.00,NORTHWOOD AVE E,2121,UE596,40.008377,-83.00924,meter,
3323909,0,0,$0.00,$0.00,2014218,0,0,,0,0,5562018526,2013222,7,29,$25.00,BROAD ST E,1341,EN261,39.96278,-82.99473,meter,
3148769,0,0,$0.00,$0.00,0,0,0,,0,0,5561255106,2013038,7,29,$25.00,2ND STREET LOT,1307,S31,39.98251,-83.00515,meter,
3335988,0,0,$0.00,$0.00,2018094,0,0,,0,0,5561332810,2013064,8,29,$25.00,BLENKNER ST E,902,B106,39.951775,-82.9981,meter,
3332566,0,0,$170.00,$0.00,2016293,2,0,,0,2018060,5562062335,2013253,2,29,$25.00,4TH ST N,1207,NO510,39.97477,-82.998085,meter,
3311365,0,0,$0.00,$0.00,0,0,0,,0,0,5561830075,2013163,19,29,$25.00,HIGH ST N,1934,K619,39.977894,-83.00379,meter,
3281520,0,0,$230.00,$0.00,2017263,3,0,,0,0,5562014444,2013218,17,72,$45.00,HUBBARD AVE W,1959,K235,39.97868,-83.004295,meter,
3293703,0,0,$0.00,$0.00,2017319,0,0,,0,0,5561436620,2013084,15,29,$25.00,3RD ST S,1026,SM4,39.96219,-82.99781,meter,
3278508,0,0,$0.00,$0.00,2017312,0,2017224,,2017224,0,5561244724,2013017,19,29,$25.00,GREENWOOD LOT,2011,F58,39.986183,-83.00621,meter,
3236432,0,0,$150.00,$0.00,2016258,0,0,,0,0,5561272890,2013032,20,13,$50.00,PEARL ST N,2221,NL208,39.9655,-83.000305,meter,
3281520,0,0,$230.00,$0.00,2017263,3,0,,0,0,5561171600,2013031,14,72,$45.00,MOUND ST W,1020,WC128,39.954536,-83.00221,meter,
3131269,0,0,$60.00,$0.00,2014001,0,0,,0,0,5561563843,2013100,19,29,$25.00,HUBBARD AVE E,2121,K269,39.979134,-83.00216,meter,
3357294,0,0,$120.00,$0.00,2014351,1,0,,0,0,5562502274,2013357,16,29,$25.00,MOUND ST E,1133,EC26,39.954994,-82.9982,meter,
3245450,0,0,$0.00,$0.00,2017270,0,0,,0,0,5561787876,2013165,17,29,$25.00,LINCOLN ST E,2153,K126,39.976955,-83.002975,meter,
3283583,0,0,$90.00,$0.00,2017284,1,0,,0,2018061,5561403160,2013079,7,29,$25.00,BREWERS ST E,1154,B59,39.952316,-82.99813,meter,
3346533,0,0,$0.00,$0.00,2017319,0,0,,0,0,5562488090,2013338,5,29,$25.00,BROAD ST E,2109,EN28,39.962555,-82.99874,meter,
3351771,0,0,$60.00,$0.00,2015322,0,0,,0,2015106,5562479734,2013330,18,29,$25.00,FRONT ST S,2122,B532,39.95117,-83.000206,meter,
3307530,0,0,$0.00,$0.00,2013163,0,0,,0,0,5561713282,2013143,8,29,$25.00,NATIONWIDE BL W,1307,WX123,39.96852,-83.00523,meter,
3227944,0,0,$0.00,$0.00,2017298,0,0,,0,0,5561791553,2013186,6,29,$25.00,HIGH ST N,1320,K1109,39.98969,-83.00611,meter,
3258737,0,0,$139.00,$0.00,2017011,2,0,,0,0,5561634941,2013207,12,29,$25.00,HIGH ST N,1416,K761,39.981453,-83.00452,meter,
3222771,0,0,$0.00,$0.00,2016279,0,2017302,,2017302,0,5561291171,2013043,17,29,$25.00,STATE ST W,1955,WK11,39.95999,-83.00097,meter,
3118624,0,0,$0.00,$0.00,2011208,0,0,,0,0,5562334683,2013319,12,29,$25.00,BUTTLES LOT,1135,V23,39.97676,-83.00391,meter,
3265772,0,0,$0.00,$0.00,2012340,0,0,,0,0,5561523814,2013107,7,29,$25.00,NOBLE ST E,1131,ED123,39.955673,-82.99725,meter,
3356765,0,0,$0.00,$0.00,0,0,0,,0,0,5562575413,2013354,13,29,$25.00,SPRUCE ST,2044,WBB57,39.97224,-83.00376,meter,
3295139,0,0,$0.00,$0.00,0,0,0,,0,0,5561393426,2013089,19,72,$45.00,SPRUCE ST,1948,WBB74,39.972378,-83.00413,meter,
3346533,0,0,$0.00,$0.00,2017319,0,0,,0,0,5562523963,2013344,18,29,$25.00,BROAD ST E,2149,EN28,39.962555,-82.99874,meter,
3323909,0,0,$0.00,$0.00,2014218,0,0,,0,0,5562018530,2013222,7,72,$45.00,BROAD ST E,1341,EN261,39.96278,-82.99473,meter,
3283583,0,0,$90.00,$0.00,2017284,1,0,,0,2018061,5560690453,2013040,11,29,$25.00,LINCOLN ST E,846,K187,39.97687,-83.00288,meter,
2804009,0,0,$0.00,$0.00,2017284,0,2017308,,2017308,2014149,5562107113,2013250,7,29,$25.00,TOWN ST E,1316,EI401,39.959675,-82.99166,meter,
3239808,0,0,$255.00,$0.00,2015161,3,0,,0,2015146,5562154735,2013270,15,72,$45.00,BREWERS ST E,942,B55,39.952297,-82.99828,meter,
3319745,0,0,$280.00,$0.00,2014079,0,0,,0,0,5562276303,2013290,9,29,$25.00,STATE ST E,1349,EK267,39.960915,-82.99293,meter,
3215094,0,0,$15.00,$0.00,0,0,0,,0,0,5561366782,2013065,7,29,$25.00,MOUND ST E,1023,EC1,39.95476,-82.99888,meter,
2804009,0,0,$0.00,$0.00,2017284,0,2017308,,2017308,2014149,5562609676,2013362,20,29,$25.00,HIGH ST N,1628,K946,39.98684,-83.00533,meter,
3045419,0,0,$230.00,$0.00,2018073,2,0,,0,0,5561878994,2013203,8,49,$500.00,FRONT ST N,1019,NI27,39.96323,-83.002754,meter,
3208653,0,0,$0.00,$0.00,2017319,0,0,,0,0,5560691094,2013068,11,29,$25.00,LINCOLN ST E,841,K185,39.976864,-83.00296,meter,
3072471,0,0,$0.00,$0.00,2013114,0,2017312,,2017312,0,5561551405,2013095,19,29,$25.00,BUTTLES LOT,2001,V21,39.976772,-83.003845,meter,
3347999,0,0,$85.00,$0.00,2017298,1,2017032,,2017032,0,5562428306,2013316,18,29,$25.00,FRONT ST S,2033,B506,39.952312,-83.00044,meter,
2804009,0,0,$0.00,$0.00,2017284,0,2017308,,2017308,2014149,5561959730,2013226,19,29,$25.00,FRONT ST S,2132,B555,39.950905,-83.00035,meter,
3335988,0,0,$0.00,$0.00,2018094,0,0,,0,0,5562088084,2013249,9,29,$25.00,PEARL ST N,817,K1159,39.976147,-83.00258,meter,
3354034,0,0,$235.00,$0.00,2017319,3,0,,0,0,5562467661,2013360,9,29,$25.00,PEARL STREET LOT,815,P8,39.975132,-83.00203,meter,
3352280,0,0,$0.00,$0.00,2017270,0,2014101,,2014105,0,5562495591,2013333,20,29,$25.00,SWAN ST W,1705,WCC57,39.972805,-83.00424,meter,
3081639,0,0,$0.00,$0.00,2017060,0,2017319,,2017319,0,5562495064,2013330,20,29,$25.00,BUTTLES LOT,2021,V34,39.976784,-83.003815,meter,
3227944,0,0,$0.00,$0.00,2017298,0,0,,0,0,5562219312,2013271,10,72,$45.00,HIGH ST N,820,K1107,39.98953,-83.00608,meter,
2914633,0,0,$50.00,$0.00,2017109,0,0,,0,0,5562425613,2013317,13,29,$25.00,HOSTER ST E,1834,B163,39.951107,-82.99799,meter,
3194883,0,0,$0.00,$0.00,2014029,0,2017323,,2017320,0,5561522171,2013102,7,29,$25.00,HUBBARD AVE W,1242,K236,39.978752,-83.00455,meter,
3313367,0,0,$0.00,$0.00,0,0,2017293,,2017293,0,5561843062,2013173,10,20,$20.00,4TH AVE E,1435,K957,39.98581,-83.00471,meter,
3301824,0,0,$80.00,$0.00,2014273,0,0,,0,0,5561654880,2013117,19,72,$45.00,POPLAR AVE W,2020,K153,39.97446,-83.00349,meter,
3281662,0,0,$0.00,$0.00,2017326,0,0,,0,2014084,5561269736,2013032,13,29,$25.00,BUTTLES LOT,1756,V3,39.976624,-83.00368,meter,
3320445,0,0,$0.00,$0.00,2017277,0,0,,0,0,5561996012,2013207,10,29,$25.00,FOURTEENTH AVE E,1143,UE297,39.998795,-83.00639,meter,
3235456,0,0,$0.00,$0.00,2017305,0,0,,0,0,5561884060,2013172,19,29,$25.00,HIGH ST N,1615,K822,39.984184,-83.0048,meter,
3309398,0,0,$0.00,$0.00,2017354,0,0,,0,0,5561808040,2013154,9,29,$25.00,GAY ST E,813,EP106,39.96403,-82.99776,meter,
3338157,0,0,$450.00,$0.00,2016244,0,0,,0,0,5562327101,2013309,10,72,$45.00,12TH AVE E,821,UE154,39.996857,-83.00701,meter,
3138633,0,0,$0.00,$0.00,2017340,0,0,,0,0,5562495646,2013337,20,29,$25.00,POPLAR AVE W,1541,K163,39.97438,-83.00417,meter,
2996126,0,0,$60.00,$0.00,2014064,0,0,,0,2010062,5561233056,2013037,6,29,$25.00,TUTTLE PARK,1235,UW983,40.006496,-83.01689,meter,
3354034,0,0,$235.00,$0.00,2017319,3,0,,0,0,5562464220,2013343,9,29,$25.00,PEARL STREET LOT,827,P6,39.97508,-83.002014,meter,
3310236,0,0,$0.00,$0.00,2017032,0,0,,0,0,5561755794,2013157,17,29,$25.00,RUSSELL ST E,1810,K114,39.97568,-83.002625,meter,
3281662,0,0,$0.00,$0.00,2017326,0,0,,0,2014084,5561288931,2013037,17,29,$25.00,HIGH ST N,2151,K946,39.98684,-83.00533,meter,
3242795,0,0,$0.00,$0.00,2017333,8,0,,0,2014322,5562373091,2013304,7,29,$25.00,PEARL ST S,807,SL550,39.955486,-82.998375,meter,
2168907,0,0,$0.00,$0.00,2016302,0,0,,0,0,5562524873,2013338,20,72,$45.00,HIGH ST N,2126,NK659,39.97268,-83.00276,meter,
3298002,0,0,$210.00,$0.00,2016027,2,0,,0,0,5561588785,2013101,19,29,$25.00,HIGH ST N,2023,K502,39.974968,-83.003,meter,
3281662,0,0,$0.00,$0.00,2017326,0,0,,0,2014084,5562169892,2013305,13,72,$45.00,PEARL ST N,1710,K1455,39.980305,-83.00368,meter,
3285976,0,0,$150.00,$0.00,2015154,2,2014100,,2014106,0,5561662090,2013128,17,72,$45.00,WARREN ST,1629,K195,39.977917,-83.003265,meter,
3347473,0,0,$140.00,$0.00,2014127,0,0,,0,2014086,5562420190,2013313,7,72,$45.00,YOUNG ST S,1300,SP8,39.96244,-82.99526,meter,
3354034,0,0,$235.00,$0.00,2017319,3,0,,0,0,5562498494,2013357,8,29,$25.00,PEARL STREET LOT,907,P9,39.97516,-83.00203,meter,
3303962,0,0,$160.00,$0.00,2013149,0,0,,0,0,5561662436,2013128,17,72,$45.00,HUBBARD AVE E,2129,K259,39.979088,-83.002525,meter,
3261089,0,0,$120.00,$0.00,2013100,0,0,,0,0,5561404210,2013078,9,29,$25.00,STATE ST E,1131,EK252,39.960865,-82.99463,meter,
3356172,0,0,$180.00,$0.00,2017130,6,0,,0,0,5562497503,2013352,8,72,$45.00,FRONT ST N,1032,NI208,39.965206,-83.00292,meter,
3071881,0,0,$0.00,$0.00,2017067,0,2017304,,2017304,0,5562171852,2013311,13,29,$25.00,16TH AVE E,2054,UE379,40.00078,-83.00771,meter,
3118624,0,0,$0.00,$0.00,2011208,0,0,,0,0,5561129165,2013003,17,29,$25.00,FRONT ST S,1607,B506,39.952312,-83.00044,meter,
3338157,0,0,$450.00,$0.00,2016244,0,0,,0,0,5562248830,2013292,14,72,$45.00,GAY ST E,1504,EP48,39.9639,-82.99901,meter,
3305688,0,0,$0.00,$0.00,2017305,0,0,,0,0,5561586582,2013116,7,29,$25.00,NEIL AVE,834,UW907,39.993668,-83.01443,meter,
3356220,0,0,$125.00,$0.00,2015084,1,0,,0,0,5562501493,2013352,16,29,$25.00,STATE ST E,1453,EK267,39.960915,-82.99293,meter,
2715249,0,0,$0.00,$0.00,2017284,0,0,,0,0,5562214935,2013275,7,13,$50.00,PEARL ST N,1232,NL103,39.96394,-83.0001,meter,
2647000,0,0,$240.00,$0.00,2017305,1,0,,0,0,5561470614,2013089,7,29,$25.00,STATE ST E,1303,EK314,39.961056,-82.99299,meter,
3289540,0,0,$65.00,$0.00,2018015,1,0,,0,2018012,5561366852,2013065,7,72,$45.00,FRONT ST S,1118,SI503,39.955696,-83.0013,meter,
3310481,0,0,$135.00,$0.00,2017319,1,2013191,,2013192,0,5561714822,2013158,8,29,$25.00,NATIONWIDE BLVD E,1504,EX153,39.96882,-82.99804,meter,
2815359,0,0,$75.00,$0.00,2013345,0,2008071,,2008072,0,5562478290,2013327,18,29,$25.00,STARLING ST S,1640,C440,39.961178,-82.998795,meter,
3285976,0,0,$150.00,$0.00,2015154,2,2014100,,2014106,0,5561225441,2013051,16,29,$25.00,SPRUCE ST,1249,WBB159,39.972446,-83.00571,meter,
2647000,0,0,$240.00,$0.00,2017305,1,0,,0,0,5561470430,2013089,7,29,$25.00,6TH ST S,1004,SS109,39.96136,-82.99241,meter,
3347041,0,0,$180.00,$0.00,2014239,0,0,,0,2013351,5562318653,2013311,16,29,$25.00,PEARL ST S,1015,SL556,39.955296,-82.99834,meter,
3347105,0,0,$15.00,$0.00,0,0,0,,0,0,5562356431,2013311,2,29,$25.00,SOUDER AVE S,1415,M133,39.958084,-83.02276,meter,
3303962,0,0,$160.00,$0.00,2013149,0,0,,0,0,5561661622,2013127,17,72,$45.00,SPRUCE ST,1603,WBB159,39.972446,-83.00571,meter,
3342819,0,0,$0.00,$0.00,2016188,0,2014282,,2014284,0,5562330236,2013295,20,29,$25.00,17TH AVE E,1628,UE420,40.002094,-83.00661,meter,
3347473,0,0,$140.00,$0.00,2014127,0,0,,0,2014086,5562420293,2013313,7,29,$25.00,YOUNG ST S,1402,SP8,39.96244,-82.99526,meter,
3275585,0,0,$145.00,$0.00,2015063,1,0,,0,0,5561083363,2013005,5,29,$25.00,GAY ST E,2119,EP204,39.964405,-82.995926,meter,
3288667,0,0,$0.00,$0.00,2017319,0,0,,0,0,5561368834,2013061,5,29,$25.00,GAY ST E,2013,EP43,39.963715,-82.999374,meter,
3664729,0,0,$170.00,$0.00,2017319,2,0,,0,0,5562469116,2013319,19,29,$25.00,17TH AVE E,1647,UE418,40.002083,-83.00669,meter,
3289122,0,0,$0.00,$0.00,2013086,0,0,,0,0,5561372791,2013064,15,29,$25.00,MOUND ST E,1008,EC5,39.954773,-82.998726,meter,
3317268,0,0,$0.00,$0.00,2017340,0,0,,0,0,5561921565,2013191,15,13,$50.00,CIVIC CENTER DR,1305,SE513,39.954903,-83.00426,meter,
3305772,0,0,$230.00,$0.00,2015315,3,0,,0,2013204,5561673883,2013135,16,29,$25.00,FULTON ST E,922,EA30,39.953808,-82.99664,meter,
3317754,0,0,$0.00,$0.00,2017221,0,0,,0,2014338,5561866836,2013193,16,29,$25.00,LONG ST E,1151,ER37,39.96501,-82.99971,meter,
3356688,0,0,$135.00,$0.00,2014358,1,0,,0,0,5562501961,2013354,16,29,$25.00,FULTON ST W,1251,WA37,39.95329,-82.99991,meter,
3315531,0,0,$0.00,$0.00,0,0,0,,0,0,5561882015,2013180,10,29,$25.00,FRAMBES AVE,1004,UE571,40.00484,-83.00757,meter,
3351826,0,0,$0.00,$0.00,2016314,0,0,,0,0,5562494865,2013330,20,29,$25.00,HIGH ST N,1629,K702,39.98166,-83.00431,meter,
2273047,0,0,$0.00,$0.00,2004239,0,2017326,,2017326,0,5561507246,2013114,15,29,$25.00,GAY ST E,1040,EP32,39.963825,-82.99964,meter,
3289122,0,0,$0.00,$0.00,2013086,0,0,,0,0,5561372710,2013064,15,72,$45.00,MOUND ST E,942,EC5,39.954773,-82.998726,meter,
3338157,0,0,$450.00,$0.00,2016244,0,0,,0,0,5562251221,2013306,14,72,$45.00,GAY ST E,1442,EP48,39.9639,-82.99901,meter,
3356172,0,0,$180.00,$0.00,2017130,6,0,,0,0,5562497492,2013352,8,29,$25.00,FRONT ST N,1031,NI208,39.965206,-83.00292,meter,
3357089,0,0,$0.00,$0.00,2017333,0,0,,0,0,5562462444,2013355,14,72,$45.00,GAY ST E,1257,EP309,39.961178,-82.998795,meter,
3245862,0,0,$0.00,$0.00,2017235,0,0,,0,0,5562088460,2013249,9,29,$25.00,PARK ST,1442,K415,39.976795,-83.005165,meter,
2979214,0,0,$275.00,$0.00,2017214,2,0,,0,0,5561248445,2013028,17,29,$25.00,SPRUCE ST W,1538,WBB75,39.972263,-83.00424,meter,
3291266,0,0,$60.00,$0.00,2017296,0,0,,0,0,5561456953,2013072,19,29,$25.00,RUSSELL ST W,1925,K206,39.975533,-83.00373,meter,
3346200,0,0,$0.00,$0.00,2017214,0,2017320,,2017320,0,5562306075,2013308,8,29,$25.00,HIGH ST N,1238,K490,39.974342,-83.00288,meter,
3273504,0,0,$0.00,$0.00,2017291,0,0,,0,0,5562447884,2013317,19,29,$25.00,FOURTEENTH AVE E,2131,UE297,39.998795,-83.00639,meter,
3081639,0,0,$0.00,$0.00,2017060,0,2017319,,2017319,0,5561442393,2013149,10,29,$25.00,12TH AVE E,859,UE154,39.996857,-83.00701,meter,
3273504,0,0,$0.00,$0.00,2017291,0,0,,0,0,5561941482,2013218,19,29,$25.00,GOODALE ST W,1854,K39,39.97357,-83.005615,meter,
3338157,0,0,$450.00,$0.00,2016244,0,0,,0,0,5562281155,2013275,19,72,$45.00,HIGH ST N,1610,K574,39.9765,-83.003296,meter,
3220221,0,0,$240.00,$0.00,2013190,0,0,,0,2013050,5561170023,2013024,14,72,$45.00,PARK ST,1100,NI609,39.97184,-83.00475,meter,
3336116,0,0,$0.00,$0.00,2017312,0,0,,0,0,5561035855,2013268,19,29,$25.00,PARK ST,1936,NI605,39.971733,-83.00476,meter,
2979214,0,0,$275.00,$0.00,2017214,2,0,,0,0,5562006501,2013221,18,29,$25.00,FRONT ST S,2131,SI250,39.9592,-83.00176,meter,
3278400,0,0,$65.00,$0.00,2015126,1,0,,0,0,5561174116,2013017,17,29,$25.00,FRONT ST S,2148,B504,39.952377,-83.00045,meter,
3300134,0,0,$0.00,$0.00,2017256,0,0,,0,0,5561566094,2013110,5,72,$45.00,WALL ST N,1959,NJ252,39.965965,-83.002235,meter,
3336191,0,0,$0.00,$0.00,0,0,2016103,,2016103,0,5562160276,2013266,2,29,$25.00,GAY ST E,809,EP42,39.96387,-82.999245,meter,
3263762,0,0,$130.00,$0.00,2018088,1,0,,0,2018087,5561256086,2013032,14,29,$25.00,GAY ST E,1313,EP8,39.963737,-83.00045,meter,
3351807,0,0,$85.00,$0.00,2017347,1,0,,0,0,5562415942,2013330,6,29,$25.00,HIGH ST N,1401,UW607,39.99445,-83.00709,meter,
3278065,0,0,$0.00,$0.00,0,0,0,,0,0,5561231170,2013052,8,29,$25.00,SPRING ST W,1338,WT110,39.966072,-83.003815,meter,
3401322,0,0,$0.00,$0.00,2017277,0,0,,0,0,5562303780,2013310,15,29,$25.00,PEARL ST N,1445,NL156,39.964737,-83.00016,meter,
3664729,0,0,$170.00,$0.00,2017319,2,0,,0,0,5562469120,2013319,19,72,$45.00,17TH AVE E,1648,UE418,40.002083,-83.00669,meter,
3325040,0,0,"$1,170.00",$0.00,2017249,9,0,,0,0,5562252341,2013271,20,29,$25.00,SPRUCE ST W,2102,WBB58,39.97236,-83.00381,meter,
3308633,0,0,$0.00,$0.00,2017256,0,0,,0,0,5562052001,2013241,7,29,$25.00,FRONT ST N,1050,NI13,39.962643,-83.00264,meter,
3346143,0,0,$340.00,$0.00,2018073,3,0,,0,0,5562318126,2013308,16,29,$25.00,FULTON ST E,1258,EA12,39.953686,-82.997696,meter,
3315917,0,0,$0.00,$0.00,2014260,0,0,,0,0,5561938542,2013212,16,29,$25.00,LIVINGSTON AVE W,1241,B9,39.952568,-82.99939,meter,
3101857,0,0,$0.00,$0.00,2017340,0,0,,0,0,5562556583,2013351,20,29,$25.00,SPRUCE ST,2028,WBB67,39.97225,-83.00405,meter,
3277666,0,0,$0.00,$0.00,2017221,0,0,,0,0,5561157305,2013015,6,29,$25.00,HIGH ST N,1104,UE620,39.995087,-83.00696,meter,
3292808,0,0,$0.00,$0.00,2017354,0,2017350,,2017357,0,5561327173,2013079,14,29,$25.00,NATIONWIDE BLVD E,1021,EX101,39.96891,-82.999,meter,
3322380,0,0,$0.00,$0.00,2016258,0,0,,0,0,5561636271,2013217,12,29,$25.00,FRAMBES AVE,959,UE532,40.004993,-83.00865,meter,
3245810,0,0,$430.00,$0.00,2017263,5,2015110,,2015111,0,5561746904,2013141,19,29,$25.00,HIGH ST N,1857,K936,39.986546,-83.00528,meter,
3308708,0,0,$510.00,$0.00,2013226,6,0,,0,0,5561882741,2013183,10,72,$45.00,EIGHTEENTH AV E,1302,UE449,40.003105,-83.008354,meter,
3355296,0,0,$90.00,$0.00,2015182,1,2015310,,2015312,0,5562460985,2013348,14,29,$25.00,LAZELLE ST N,1309,NN9,39.96311,-82.99725,meter,
3278065,0,0,$0.00,$0.00,0,0,0,,0,0,5561181396,2013016,7,29,$25.00,11TH AVE W,1458,UW111,39.99527,-83.0083,meter,
3308633,0,0,$0.00,$0.00,2017256,0,0,,0,0,5561667373,2013150,2,29,$25.00,FRONT ST N,1314,NI11,39.962593,-83.00263,meter,
3292392,0,0,$0.00,$0.00,2018003,0,0,,0,0,5561486493,2013078,19,29,$25.00,EIGHTEENTH AVE E,1800,UE467,40.003082,-83.00797,meter,
3335576,0,0,$60.00,$0.00,2015084,0,0,,0,2015071,5562157594,2013266,16,29,$25.00,MOUND ST E,1440,EC13,39.954807,-82.99843,meter,
3336254,0,0,$60.00,$0.00,2015065,0,0,,0,2015043,5562194064,2013268,20,29,$25.00,EIGHTEENTH AVE E,1835,UE457,40.003098,-83.00818,meter,
2729186,0,0,$0.00,$0.00,0,0,0,,0,0,5561846971,2013211,2,72,$45.00,FRONT ST S,1315,B546,39.950527,-83.00009,meter,
3173465,0,0,$0.00,$0.00,2017312,0,0,,0,0,5562016500,2013215,7,29,$25.00,RICH ST E,1325,EG112,39.957943,-82.99635,meter,
3315917,0,0,$0.00,$0.00,2014260,0,0,,0,0,5561865510,2013189,16,72,$45.00,LIVINGSTON AVE W,921,B17,39.95264,-83.00019,meter,
3278065,0,0,$0.00,$0.00,0,0,0,,0,0,5561312495,2013051,6,29,$25.00,11TH AVE W,1307,UW100,39.995335,-83.00765,meter,
3341465,0,0,$60.00,$0.00,2014083,0,0,,0,2014028,5562238831,2013290,16,29,$25.00,PEARL ST N,1116,K1157,39.97609,-83.00256,meter,
3303924,0,0,$150.00,$0.00,2015056,2,0,,0,0,5561603205,2013127,15,72,$45.00,FULTON ST W,1353,WA39,39.95329,-82.99994,meter,
3325040,0,0,"$1,170.00",$0.00,2017249,9,0,,0,0,5562042842,2013227,17,29,$25.00,HIGH ST N,2120,K486,39.974228,-83.00285,meter,
3309029,0,0,$0.00,$0.00,2013254,0,2013183,,2013204,0,5561879650,2013205,8,29,$25.00,NOBLE ST E,930,ED115,39.955635,-82.997574,meter,
2729186,0,0,$0.00,$0.00,0,0,0,,0,0,5561397593,2013059,19,72,$45.00,PARK ST,2101,K452,39.97706,-83.00501,meter,
3308633,0,0,$0.00,$0.00,2017256,0,0,,0,0,5562467856,2013360,9,20,$20.00,SPRUCE ST W,1142,WBB3,39.961178,-82.998795,meter,
2327558,0,0,$0.00,$0.00,2017347,0,0,,0,0,5562407962,2013344,16,29,$25.00,TOWN ST E,1341,EI112,39.95926,-82.99684,meter,
3316251,0,0,$0.00,$0.00,0,0,2017342,,2017342,0,5561940771,2013186,19,72,$45.00,HIGH ST N,2039,K701,39.980225,-83.00428,meter,
3341938,0,0,$60.00,$0.00,2017354,0,0,,0,2017353,5562329046,2013291,20,29,$25.00,GOODALE ST W,2141,K36,39.973736,-83.0062,meter,
2729186,0,0,$0.00,$0.00,0,0,0,,0,0,5561342525,2013059,13,26,$40.00,PARK ST,1826,K452,39.97706,-83.00501,meter,
3039166,0,0,$0.00,$0.00,0,0,2018022,,2018024,0,5561607184,2013109,19,29,$25.00,NATIONWIDE BLVD E,1629,EX30,39.969254,-82.99947,meter,
3308708,0,0,$510.00,$0.00,2013226,6,0,,0,0,5561975631,2013206,10,72,$45.00,EIGHTEENTH AVE E,1506,UE453,40.003098,-83.008255,meter,
3353244,0,0,$0.00,$0.00,2017256,0,0,,0,0,5562515574,2013338,13,29,$25.00,THIRTEENTH AVE E,2021,UE222,39.997917,-83.00699,meter,
3303721,0,0,$0.00,$0.00,2016027,0,0,,0,0,5561612526,2013126,8,29,$25.00,LIVINGSTON AVE E,1232,B27,39.952568,-82.99836,meter,
3315917,0,0,$0.00,$0.00,2014260,0,0,,0,0,5561790934,2013183,6,29,$25.00,HIGH ST N,1208,UE632,39.995472,-83.00704,meter,
3333562,0,0,$75.00,$0.00,2013275,0,0,,0,0,5561029345,2013257,19,26,$40.00,PARK ST,2029,K420,39.976597,-83.00493,meter,
3010695,0,0,$250.00,$0.00,2018068,1,0,,0,0,5562158692,2013270,16,72,$45.00,WARREN ST,1348,K136,39.97803,-83.00311,meter,
3246391,0,0,$0.00,$0.00,2018010,0,0,,0,0,5561031670,2013262,19,29,$25.00,SWAN ST W,2042,WCC59,39.972805,-83.00432,meter,
3311985,0,0,$60.00,$0.00,2013184,0,0,,0,0,5561777365,2013165,16,29,$25.00,YOUNG ST N,1234,NP7,39.963272,-82.995514,meter,
3249379,0,0,$140.00,$0.00,2013268,0,0,,0,0,5562039795,2013247,5,72,$45.00,MT VERNON AVE,1856,EY409,39.96928,-82.99245,meter,
3299915,0,0,$0.00,$0.00,2015091,0,0,,0,0,5561501753,2013109,9,29,$25.00,MOUND ST E,941,EC3,39.95477,-82.99879,meter,
3324479,0,0,$60.00,$0.00,2013247,0,0,,0,0,5561963731,2013225,9,29,$25.00,BROAD ST E,1354,EN533,39.96342,-82.989105,meter,
3355296,0,0,$90.00,$0.00,2015182,1,2015310,,2015312,0,5562461162,2013348,14,29,$25.00,LAZELLE ST N,1459,NN9,39.96311,-82.99725,meter,
3292221,0,0,$280.00,$0.00,2018009,0,0,,0,0,5561460906,2013077,20,72,$45.00,GAY ST E,1657,EP159,39.963993,-82.99692,meter,
3292221,0,0,$280.00,$0.00,2018009,0,0,,0,0,5561547496,2013112,20,72,$45.00,GAY ST E,1645,EP4,39.963715,-83.00062,meter,
3030876,0,0,$85.00,$0.00,2016356,3,0,,0,0,5561188551,2013005,19,29,$25.00,GREENWOOD LOT,2102,F33,39.986282,-83.00559,meter,
3352071,0,0,$0.00,$0.00,2016356,0,0,,0,0,5562481215,2013331,7,72,$45.00,HIGH ST S,1040,B614,39.951584,-82.998474,meter,
3301014,0,0,$0.00,$0.00,2015203,0,0,,0,0,5561627005,2013114,19,72,$45.00,HIGH ST N,1658,UW607,39.99445,-83.00709,meter,
3300376,0,0,$85.00,$0.00,2017361,0,0,,0,0,5561571856,2013112,17,72,$45.00,HIGH ST N,2132,UE610,39.994373,-83.006805,meter,
3331042,0,0,$0.00,$0.00,0,0,0,,0,0,5562224864,2013288,12,29,$25.00,TWELFTH AVE E,1322,UE183,39.996696,-83.00591,meter,
3401322,0,0,$0.00,$0.00,2017277,0,0,,0,0,5562208462,2013275,8,29,$25.00,PEARL ST N,1435,NL206,39.965435,-83.0003,meter,
3246391,0,0,$0.00,$0.00,2018010,0,0,,0,0,5561544453,2013102,20,29,$25.00,GAY ST E,1941,EP46,39.963886,-82.999084,meter,
3337061,0,0,$120.00,$0.00,2014036,0,0,,0,0,5562195851,2013271,20,29,$25.00,BUTTLES LOT,1634,V27,39.97675,-83.00403,meter,
3173465,0,0,$0.00,$0.00,2017312,0,0,,0,0,5562600252,2013352,19,29,$25.00,HIGH ST N,1723,UE626,39.995277,-83.00699,meter,
3292221,0,0,$280.00,$0.00,2018009,0,0,,0,0,5561460895,2013077,20,29,$25.00,GAY ST E,1656,EP159,39.963993,-82.99692,meter,
3356956,0,0,$120.00,$0.00,2014120,0,0,,0,0,5562450802,2013354,2,29,$25.00,FRONT ST S,1021,SI75,39.95929,-83.00198,meter,
3303074,0,0,$80.00,$0.00,2013142,0,0,,0,0,5561641042,2013123,7,72,$45.00,TOWN ST E,1120,EI122,39.95929,-82.9966,meter,
2729186,0,0,$0.00,$0.00,0,0,0,,0,0,5562351273,2013302,18,72,$45.00,GRANT AVE N,1758,NT525,39.96995,-82.99207,meter,
3107205,0,0,$210.00,$0.00,2016258,1,0,,0,0,5561469715,2013088,7,14,$50.00,MOUND ST E,850,EC4,39.95494,-82.99864,meter,
3278065,0,0,$0.00,$0.00,0,0,0,,0,0,5561222626,2013060,12,29,$25.00,WALL ST N,1125,NJ106,39.96383,-83.00182,meter,
3309029,0,0,$0.00,$0.00,2013254,0,2013183,,2013204,0,5561750452,2013175,2,29,$25.00,PEARL ST S,1125,SL556,39.955296,-82.99834,meter,
3309029,0,0,$0.00,$0.00,2013254,0,2013183,,2013204,0,5562002323,2013231,16,29,$25.00,NOBLE ST E,1438,ED115,39.955635,-82.997574,meter,
3016326,0,0,$0.00,$0.00,2015042,0,0,,0,0,5562461965,2013354,14,72,$45.00,6TH ST S,1503,SS109,39.96136,-82.99241,meter,
3309029,0,0,$0.00,$0.00,2013254,0,2013183,,2013204,0,5562025935,2013238,8,29,$25.00,FULTON ST W,1420,WA61,39.953255,-83.00034,meter,
3301896,0,0,$30.00,$0.00,2017340,0,0,,0,0,5562330402,2013295,20,29,$25.00,ELEVENTH AVE W,1905,UW228,39.995537,-83.01282,meter,
3319242,0,0,$155.00,$0.00,2017032,2,0,,0,2015118,5561923746,2013200,15,29,$25.00,2ND STREET LOT,1358,S23,39.982494,-83.00488,meter,
3336603,0,0,$85.00,$0.00,2017352,0,0,,0,2017349,5562095165,2013269,8,14,$50.00,HIGH ST S,838,SK204,39.95524,-82.99919,meter,
3010695,0,0,$250.00,$0.00,2018068,1,0,,0,0,5561258750,2013047,14,72,$45.00,NATIONWIDE BLVD E,1306,EX101,39.96891,-82.999,meter,
3314306,0,0,$130.00,$0.00,2016265,1,0,,0,0,5562184625,2013254,19,72,$45.00,FRONT ST S,2017,B559,39.95078,-83.00033,meter,
3312691,0,0,$240.00,$0.00,2014309,0,0,,0,0,5561687312,2013150,5,29,$25.00,LIVINGSTON AVE W,2152,B17,39.95264,-83.00019,meter,
3248076,0,0,$0.00,$0.00,2018017,0,0,,0,0,5561890824,2013178,17,29,$25.00,SPRUCE ST W,2123,WBB50,39.972347,-83.00348,meter,
3312691,0,0,$240.00,$0.00,2014309,0,0,,0,0,5561986890,2013221,5,29,$25.00,HOSTER ST W,2133,B180,39.950993,-82.999596,meter,
3350315,0,0,$170.00,$0.00,2015189,2,0,,0,0,5562335442,2013324,12,29,$25.00,6TH ST S,1158,SS109,39.96136,-82.99241,meter,
3292221,0,0,$280.00,$0.00,2018009,0,0,,0,0,5561547485,2013112,20,29,$25.00,GAY ST E,1644,EP4,39.963715,-83.00062,meter,
3335835,0,0,$235.00,$0.00,2017312,2,0,,0,0,5562193493,2013267,20,72,$45.00,HUBBARD AVE W,1715,K232,39.978764,-83.00442,meter,
3188245,0,0,$65.00,$0.00,2016363,1,2015346,,2015346,0,5561062481,2013008,14,29,$25.00,GRANT AVE N,1041,NT535,39.97026,-82.99205,meter,
3391897,0,0,$0.00,$0.00,2017284,0,2016255,,2016255,0,5562227642,2013304,12,29,$25.00,VINE ST,1404,WAA53,39.961178,-82.998795,meter,
3329706,0,0,$0.00,$0.00,2017263,0,0,,0,0,5562313613,2013296,7,72,$45.00,SPRUCE ST,1116,WBB59,39.972248,-83.003815,meter,
2788194,0,0,$85.00,$0.00,2017165,1,0,,0,0,5562124624,2013248,17,72,$45.00,FULTON ST E,1542,EA18,39.95373,-82.99726,meter,
3271397,0,0,$0.00,$0.00,2017242,0,2016196,,2016196,0,5595106126,2013046,143,29,$25.00,PARK ST S/O RUSSELL ST,2145,K341,39.975166,-83.004845,meter,
3313029,0,0,$0.00,$0.00,0,0,0,,0,0,5561850272,2013171,17,13,$50.00,LINCOLN ST E,1842,K183,39.976852,-83.00304,meter,
3324412,0,0,$0.00,$0.00,0,0,0,,0,0,5562580523,2013358,7,29,$25.00,GAY ST E,918,EP247,39.961178,-82.998795,meter,
2750317,0,0,$55.00,$0.00,2017277,0,0,,0,0,5562227421,2013303,12,29,$25.00,BROAD ST E,1259,EN64,39.96261,-82.998314,meter,
3315906,0,0,$0.00,$0.00,0,0,2017252,,2017252,0,5561854612,2013183,7,29,$25.00,JEFFERSON AVE,1350,NZ99,39.96564,-82.98499,meter,
3212700,0,0,$235.00,$0.00,2017277,2,0,,0,2014205,5561444320,2013066,19,29,$25.00,GAY ST E,2137,EP37,39.963703,-82.99947,meter,
3351561,0,0,$0.00,$0.00,2017270,0,0,,0,0,5562405954,2013329,16,29,$25.00,BROAD ST E,1012,EN284,39.963154,-82.99351,meter,
3307106,0,0,$0.00,$0.00,0,0,0,,0,0,5561747335,2013141,19,29,$25.00,BUTTLES LOT,2039,V11,39.9766,-83.00394,meter,
3095289,0,0,$60.00,$0.00,2017017,0,2012223,,2012224,0,5560839446,2013107,12,29,$25.00,BROAD ST E,919,EN62,39.9626,-82.99838,meter,
3291814,0,0,$170.00,$0.00,2018078,2,0,,0,2018075,5561401502,2013074,7,72,$45.00,HIGH ST S,1004,B604,39.952038,-82.99856,meter,
